image_id_roi_id, pixel_size, x, y, score
T1C09L1A1B4S11R01_1, 0.24309392273426056, 1, 10, 1
T1C09L1A1B4S11R01_1, 0.24309392273426056, 1, 11, 1